<?xml version="1.0" encoding="UTF-8"?>
<project-private xmlns="http://www.netbeans.org/ns/project-private/1">
    <editor-bookmarks xmlns="http://www.netbeans.org/ns/editor-bookmarks/2" lastBookmarkId="0"/>
    <open-files xmlns="http://www.netbeans.org/ns/projectui-open-files/2">
        <group>
            <file>file:/C:/Users/anna4/OneDrive/Área%20de%20Trabalho/Projeto%20covid/AgendaCovid_2/AgendaCovid/src/telas/RecuperarSenha.java</file>
            <file>file:/C:/Users/anna4/OneDrive/Área%20de%20Trabalho/Projeto%20covid/AgendaCovid_2/AgendaCovid/src/telas/CadastroUsuario.java</file>
            <file>file:/C:/Users/anna4/OneDrive/Área%20de%20Trabalho/Projeto%20covid/AgendaCovid_2/AgendaCovid/src/classes/ConnectionFactory.java</file>
            <file>file:/C:/Users/anna4/OneDrive/Área%20de%20Trabalho/Projeto%20covid/AgendaCovid_2/AgendaCovid/src/telas/Agendamento.java</file>
            <file>file:/C:/Users/anna4/OneDrive/Área%20de%20Trabalho/Projeto%20covid/AgendaCovid_2/AgendaCovid/src/telas/Login.java</file>
            <file>file:/C:/Users/anna4/OneDrive/Área%20de%20Trabalho/Projeto%20covid/AgendaCovid_2/AgendaCovid/src/telas/Consulta.java</file>
        </group>
    </open-files>
</project-private>
